{
  "project_info": {
    "project_number": "373672444471",
    "project_id": "jungajungle-699a2",
    "storage_bucket": "jungajungle-699a2.appspot.com"
  },
  "client": [
    {
      "client_info": {
        "mobilesdk_app_id": "1:373672444471:android:63ce2305f67e1f97e875b2",
        "android_client_info": {
          "package_name": "com.example.jungajungle"
        }
      },
      "oauth_client": [
        {
          "client_id": "373672444471-l6rinuk1bg1ho3jr54qoj0oait4atdhj.apps.googleusercontent.com",
          "client_type": 3
        }
      ],
      "api_key": [
        {
          "current_key": "AIzaSyDKO9rYaIBhoSpVxmecb_CTmzU8XJIUq_s"
        }
      ],
      "services": {
        "appinvite_service": {
          "other_platform_oauth_client": [
            {
              "client_id": "373672444471-l6rinuk1bg1ho3jr54qoj0oait4atdhj.apps.googleusercontent.com",
              "client_type": 3
            }
          ]
        }
      }
    }
  ],
  "configuration_version": "1"
}